ticker,price,change_pct,volume,avg_volume,market_cap,float
AACG,0.8426,1.524,1580.0,,,5976213.0
AAOG,2.07,4.5455,3293403.0,,,
ABTC,8.77,7.7396,1877295.0,,,23343815.0
ABTS,1.48,6.4748,1234610.0,,,2959048.0
ACH,1.03,-3.7383,688128.0,,,56518805.0
ACTU,0.97,-2.7471,174545.0,,,
ACXP,1.39,0.7246,70053.0,,,5141335.0
ADBT,0.1527,28.2116,319764673.0,,,50625609.0
ADCT,1.0796,2.819,1545528.0,,,
ADGM,0.52,4.2084,80090.0,,,8408880.0
AEI,0.971,1.1458,16566.0,,,3698993.0
AEMD,6.6,361.5385,92326227.0,,,706407.0
AEON,0.2448,-4.7471,1452258.0,,,
AERT,6.91,2.0679,10095.0,,,
AGMH,0.77,22.1253,4387244.0,,,3454390.0
AGRZ,0.236,2.5641,302996.0,,,
AHMA,1.28,0.7874,32728.0,,,2144956.0
AIB,1.4342,0.2937,748669.0,,,
AIDX,0.4715,-1.9343,26686.0,,,
AIFU,10.79,0.3721,51273.0,,,
AIIO,1.54,0.0,293248.0,,,50138705.0
AIM,0.2135,0.7075,2147705.0,,,27686821.0
AIMD,1.4879,7.8188,30207.0,,,2898987.0
AIRE,1.37,-2.8369,68329.0,,,4452454.0
AIXC,1.05,9.3522,206876.0,,,18558726.0
ALAR,2.12,-0.9346,74648.0,,,
ALEC,1.85,-3.8961,931233.0,,,94313250.0
ALIT,12.29,3.2773,382084.0,,,
ALLR,1.1461,-0.7706,160100.0,,,15793670.0
ALP,4.54,10.7317,53750.0,,,20919358.0
ALPS,0.3999,-0.025,18023.0,,,3000000.0
ALXO,1.74,-1.1364,526479.0,,,94732188.0
AMBR,1.46,10.6061,335763.0,,,20719326.0
AMDD,25.74,-6.4809,744525.0,,,
AMOD,2.0,8.6957,79582.0,,,
AMSS,0.6751,2.943,17809.0,,,
AMZE,0.1401,7.192,16997245.0,,,20505351.0
ANVS,1.13,8.6538,1521833.0,,,35319648.0
APRE,0.74,1.3005,114807.0,,,7910129.0
APVO,1.84,6.9767,423829.0,,,1696320.0
AQB,1.13,1.8018,19312.0,,,5120387.0
ARAI,0.2439,7.0676,389569.0,,,
ARAY,0.2305,-1.073,498950.0,,,
ARBE,0.6883,3.2708,998154.0,,,101467044.0
ASPSZ,0.16,0.0,4197.0,,,
ATCH,0.1798,12.375,17536613.0,,,148538231.0
ATER,0.6895,0.2472,192027.0,,,13768639.0
ATTT,2.75,1.476,49944.0,,,5874743.0
AUID,0.46,0.0217,70740.0,,,
AURE,1.58,13.6691,6189.0,,,
AUTL,1.92,2.6738,1087617.0,,,33904120.0
AUUD,1.05,5.0,343350.0,,,
AVAT,0.8658,-7.2026,827975.0,,,25546730.0
AVX,3.705,9.292,165148.0,,,
AXTL,2.67,11.25,1099851.0,,,
AZI,1.18,-2.4793,53725.0,,,4397327.0
AZIO,1.285,7.0833,278824.0,,,13675066.0
BAER,0.93,-6.2689,1390449.0,,,44437854.0
BANL,5.76,2.1277,16606.0,,,406582.0
BAOS,0.2787,-3.2963,726865.0,,,1034490.0
BATL,1.2499,0.7984,3455739.0,,,
BBLG,0.501,-6.808,465225.0,,,2755396.0
BCTXZ,0.1414,-4.7811,30542.0,,,
BDRX,0.8,-16.6667,1533302.0,,,594400.0
BDTX,1.95,0.5155,665316.0,,,
BEAT,0.4195,2.467,136814.0,,,
BEEM,1.35,0.0,273893.0,,,22098037.0
BENF,0.656,-19.9219,4081687.0,,,1182724.0
BGIN,1.84,2.7531,9916.0,,,43350299.0
BGL,0.2344,7.919,307638.0,,,
BGM,0.2777,7.6774,47907.0,,,
BGMS,0.8782,-11.3108,22346.0,,,5310620.0
BIOT,0.4355,11.9825,643974.0,,,28794472.0
BIOX,0.368,-4.6632,313259.0,,,44923321.0
BIRD,2.44,2.9536,164227.0,,,5612831.0
BIVI,1.74,1.1628,478726.0,,,7477922.0
BJDX,0.845,4.0,124695.0,,,4377260.0
BLSG,3.19,17.2105,147850.0,,,
BMEA,1.79,2.8736,1373554.0,,,
BMRA,2.36,-0.4219,37533.0,,,3972715.0
BNGO,1.74,15.2318,2493514.0,,,10636515.0
BQ,0.8121,-2.3918,26670.0,,,
BRAG,1.48,2.069,13170.0,,,
BRIA,1.39,-2.504,3177.0,,,20279875.0
BRLS,1.39,3.7313,3643.0,,,6468397.0
BRNX,2.52,3.2787,292871.0,,,23787.0
BTCS,1.414,13.12,1956317.0,,,41632287.0
BTCT,1.17,3.5398,2730124.0,,,9168463.0
BTMD,1.35,0.7463,140773.0,,,16686629.0
BTTC,0.3789,7.5809,316461.0,,,
BURU,0.9209,-13.9346,1660187.0,,,
BYND,11.7,6.8493,1444242.0,,,16660937.0
BYSI,0.7088,0.0,37155.0,,,31950100.0
BZAI,0.6185,5.1334,3778979.0,,,98685655.0
CABR,1.32,8.1967,34125.0,,,
CALC,1.97,-0.5051,98704.0,,,3790863.0
CAN,0.3229,6.0775,6510549.0,,,
CAST,1.38,0.0,437495.0,,,21373718.0
CBAT,1.02,0.0,339183.0,,,69352956.0
CBUS,1.63,7.947,121961.0,,,
CCG,12.1,-12.7614,38976.0,,,904385.0
CCO,2.38,-0.4184,3121109.0,,,385297495.0
CCTG,0.538,-0.683,67128.0,,,3008949.0
CDIO,2.03,1.5,27752.0,,,2837687.0
CDLX,3.89,-0.7653,21708.0,,,
CDT,0.1934,-2.3232,3991228.0,,,385437.0
CDTG,1.26,5.0,179032.0,,,2766994.0
CDXS,1.32,-1.4925,1181337.0,,,82348335.0
CELU,1.27,-1.5504,76611.0,,,
CELZ,0.8899,8.2603,179844.0,,,6557287.0
CETX,2.285,-6.7347,339438.0,,,
CGTL,3.855,4.1892,99476.0,,,
CHAI,0.2746,5.3722,1088795.0,,,8216706.0
CHGA,2.0,7.5269,116466.0,,,866629.0
CHGG,0.7852,6.9463,292376.0,,,
CHMI,2.86,1.7794,138680.0,,,36409809.0
CHOW,0.556,7.3359,238030.0,,,11033841.0
CHR,1.77,15.3094,19633.0,,,
CHSN,1.0601,-0.9252,26829.0,,,
CIGL,0.423,0.6903,27107.0,,,34910365.0
CIRC,0.466,2.4852,266865.0,,,
CISS,1.3,4.8387,471553.0,,,11792.0
CJMB,2.1336,-3.0182,73678.0,,,2340178.0
CLDI,1.23,5.1282,188984.0,,,2564822.0
CLIK,1.21,-3.9683,39177.0,,,258171.0
CLLS,1.4561,5.8982,345983.0,,,46787081.0
CMMB,2.8,5.6604,130651.0,,,
CMND,0.83,2.9904,1578755.0,,,
CMTL,1.51,1.3423,165933.0,,,
CNET,1.2468,-4.0923,872.0,,,3026160.0
CNEY,0.5482,4.003,77468.0,,,
CNTB,1.26,1.6129,1796806.0,,,
CNTX,0.3758,-0.8443,1503136.0,,,
CODX,0.945,0.4464,270320.0,,,6135776.0
COIA,7.76,11.4943,39071.0,,,
COOT,0.45,-2.1739,112730.0,,,8124837.0
COSM,0.2899,5.8802,2712744.0,,,
CPHI,0.7133,-1.8304,72826.0,,,3300648.0
CRDF,1.2801,-5.1778,1131771.0,,,
CRDL,1.86,-2.1053,583423.0,,,
CRGO,1.19,10.1852,85821.0,,,35150159.0
CRIS,1.08,-3.5714,138349.0,,,1836613.0
CRNT,2.11,2.9268,368200.0,,,79493401.0
CTOR,1.03,7.9891,188460.0,,,30982094.0
CTXR,0.58,3.5714,245010.0,,,26959796.0
CUPR,1.68,5.0,124547.0,,,920625.0
CURV,2.32,7.907,163054.0,,,25894431.0
CURX,4.6,9.7852,13800.0,,,
CVKD,1.13,4.6296,44542.0,,,3142050.0
CXAI,2.471,0.4472,67487.0,,,2220769.0
CYAB,0.3,2.1798,995819.0,,,
CYN,0.7396,2.5042,132784.0,,,14271837.0
CYPH,3.13,28.2787,26399248.0,,,74751841.0
DARE,0.7478,3.0737,153215.0,,,12946692.0
DBGI,4.439,8.2683,328255.0,,,916295.0
DCX,0.4554,42.3125,85857717.0,,,
DDC,0.231,5.0,2226697.0,,,33001820.0
DETX,2.3,3.2594,15369.0,,,76479868.0
DFLI,0.8931,5.5674,143361.0,,,
DFSC,1.26,2.439,179944.0,,,2457221.0
DGNX,1.45,4.3165,82677.0,,,26107005.0
DH,0.9054,-6.1762,592619.0,,,
DHY,1.64,1.2346,996449.0,,,
DLXY,1.22,-46.7249,22734879.0,,,
DOGZ,0.8976,0.8539,20543.0,,,2622221.0
DRCT,1.7,-1.1628,23394.0,,,750292.0
DRMA,1.16,0.8696,14266.0,,,2897833.0
DSS,0.7199,-3.1351,36317.0,,,4024238.0
DTCX,2.13,2.4038,362344.0,,,31698611.0
DTSS,1.1715,98.1563,149036332.0,,,6961683.0
DUO,0.519,-2.1309,129430.0,,,38529139.0
DVLT,0.1652,-6.5082,88449222.0,,,679521320.0
DYAI,0.4237,5.2409,173420.0,,,26975572.0
EBON,2.04,0.9901,1884.0,,,
ECX,1.05,1.9417,476135.0,,,116396759.0
EDBL,1.4,0.7194,66589.0,,,1950533.0
EHGO,0.9092,3.9159,119956.0,,,1748910.0
EHTH,0.881,2.7885,155075.0,,,
EJH,1.26,1.8346,8310.0,,,
ELAB,4.72,-1.0482,8277.0,,,
ELME,1.64,0.6135,1479796.0,,,
ELOG,0.5511,-2.9924,12267.0,,,
ENGS,2.665,-3.0909,735679.0,,,
ENLV,0.7201,-11.2193,761822.0,,,
ENSC,0.4659,4.042,391104.0,,,
EOCN,3.48,2.0528,14179.0,,,
EPOW,0.27,-0.8082,344407.0,,,24064807.0
ERNA,3.76,-3.8363,33090.0,,,966716.0
ETS,2.15,4.3689,228232.0,,,
EU,0.9681,10.5263,12481971.0,,,191024822.0
EVGN,0.5033,1.5127,30548.0,,,
EVTL,0.6139,1.757,3910667.0,,,83755198.0
EXFY,2.2811,-0.8217,368379.0,,,
EZGO,0.8417,-3.0969,50565.0,,,139232.0
FAMI,0.127,0.316,5628178.0,,,
FBDT,0.881,2.4419,3006595.0,,,26298479.0
FBGL,0.39,5.4054,10552.0,,,
FBLG,1.485,3.8462,105132.0,,,
FCHL,0.9802,-4.835,54954.0,,,
FEAM,2.0,13.6364,3762326.0,,,
FEMY,2.55,0.3937,64949.0,,,
FFAI,1.77,4.7337,1430995.0,,,3788681.0
FJET,1.86,0.0,1491827.0,,,37334597.0
FLD,0.5293,3.7843,63364.0,,,6869348.0
FLNA,0.7269,6.2409,274543.0,,,45588160.0
FLUX,0.5655,8.3333,189349.0,,,15586177.0
FMFC,0.2,-2.296,3366253.0,,,
FNGR,0.1435,1.4851,7993642.0,,,47345700.0
FRGT,0.9595,-6.8447,675042.0,,,
FRSX,1.06,1.9231,17252.0,,,
FRTT,0.9271,0.7839,28350.0,,,4285724.0
FUSE,0.559,9.3078,204830.0,,,10143696.0
GCDT,0.385,1.1827,436033.0,,,3387183.0
GCL,0.5976,3.0345,181446.0,,,
GDC,1.3569,2.7955,189049.0,,,4090239.0
GDHG,1.14,-0.8696,67188.0,,,12547704.0
GELS,0.5797,-0.0862,63220.0,,,5150874.0
GENK,1.7,6.25,85891.0,,,4783448.0
GGR,2.74,2.2388,3471.0,,,17846790.0
GIPR,0.6458,77.4176,36274322.0,,,
GLE,0.5959,-7.3539,165446.0,,,7819956.0
GLND,1.22,1.6667,186668.0,,,35252221.0
GMEX,0.4013,-5.8423,2305268.0,,,
GMHS,0.7295,1.3054,3464.0,,,25982149.0
GMM,2.01,3.0769,11522.0,,,575715.0
GNPX,3.35,-1.7595,74312.0,,,
GOAI,2.12,-19.3916,177996.0,,,15435137.0
GORO,3.51,0.8621,1785846.0,,,68193250.0
GOVX,0.3946,-2.616,372183.0,,,6818097.0
GPRO,1.34,5.5118,23513061.0,,,
GPUS,0.1808,1.459,20038737.0,,,135380815.0
GRAN,1.05,2.9311,5376.0,,,4712263.0
GRI,1.84,1.6575,174226.0,,,2186115.0
GRNQ,9.99,2.3566,1139.0,,,1069894.0
GRWG,1.505,-0.3311,156658.0,,,50451813.0
GSUN,0.2352,-21.6783,4107710.0,,,9368669.0
GTEC,1.08,-1.8182,54029.0,,,20336059.0
GUTS,0.5908,5.0311,748654.0,,,
GVH,1.34,16.5217,747773.0,,,2296389.0
GWH,0.35,3.8884,506366.0,,,
GXAI,0.64,6.6134,245883.0,,,10521790.0
GYGY,0.8958,1.7608,702157.0,,,477958.0
HAIN,0.56,-4.2899,1060884.0,,,
HCAI,0.6,-0.3488,660065.0,,,1035979.0
HCAT,1.8,4.0462,563477.0,,,
HCTI,0.72,4.3478,114361.0,,,14974172.0
HEPS,2.69,3.861,46040.0,,,29007120.0
HFFG,1.61,-1.227,23644.0,,,40542674.0
HIHO,0.91,-3.1915,108559.0,,,2923125.0
HITI,2.6528,-1.3829,524690.0,,,76766901.0
HKPD,0.1206,1.4298,1431733.0,,,15713736.0
HLP,2.02,-2.4155,49945.0,,,
HMR,1.71,4.908,108249.0,,,6097744.0
HODO,0.172,-7.1274,2437426.0,,,
HOLO,1.63,3.1646,243485.0,,,
HOWL,0.9601,4.4723,571048.0,,,47916735.0
HPAI,0.2999,1.8336,208915.0,,,7586883.0
HTOO,2.16,1.4085,4375.0,,,3117861.0
HTZ,1.86,-1.0638,13634682.0,,,169966718.0
HUDI,0.7998,0.8639,25985.0,,,4231271.0
HUIZ,1.45,0.6944,39353.0,,,4458101.0
HXHX,0.3904,3.4446,408679.0,,,2470050.0
HYFM,0.95,3.2384,25476.0,,,3546829.0
IBG,1.03,-1.9048,21619.0,,,
IBO,0.5789,16.245,254992.0,,,11488352.0
ICG,0.95,-2.072,9367.0,,,21137748.0
ICMB,0.8801,2.3372,42248.0,,,
ICON,1.04,18.3701,88708.0,,,
IGC,0.2672,-1.7647,713473.0,,,89370306.0
ILLR,0.5313,-13.6238,1273927.0,,,
IMCC,1.94,19.0184,337963.0,,,471434.0
IMMP,0.3113,-4.8012,244096.0,,,143034969.0
IMNN,1.38,-2.1277,109219.0,,,5293517.0
IMRN,1.18,-0.8403,124057.0,,,7894443.0
IMTE,0.5174,-0.8812,11679.0,,,
INBS,2.0,1.5228,25850.0,,,2937009.0
INCR,5.31,0.0,1229.0,,,7864160.0
INEO,0.5499,5.1233,6340.0,,,8809520.0
INM,1.4,9.375,317239.0,,,831863.0
INO,1.22,6.087,2721275.0,,,95787461.0
INUV,0.58,-0.8547,102564.0,,,
INV,0.687,-3.7815,5833400.0,,,68258723.0
INVZ,0.3102,0.8125,3351957.0,,,217886667.0
IONZ,24.9451,-19.5483,673440.0,,,
IPHA,1.98,-1.4925,186369.0,,,70567628.0
IPW,1.77,-2.7473,940160.0,,,65069.0
IQST,0.9744,-3.5248,836839.0,,,10870558.0
ISPC,1.39,1.4599,226457.0,,,2518590.0
ITOC,0.29,-4.1956,209151.0,,,15643205.0
ITP,0.1611,-1.3472,61497.0,,,16423714.0
IVDA,0.305,9.8703,629191.0,,,12487604.0
IVF,0.9289,-0.4874,76295.0,,,2283322.0
IZM,1.279,0.7087,51748.0,,,7771391.0
JAGU,1.58,-1.25,112833.0,,,
JAGX,2.6401,-24.4282,256131.0,,,5141735.0
JBDI,1.19,0.0,4026.0,,,
JELD,1.89,-1.0471,735760.0,,,
JFU,2.67,14.1026,2018.0,,,4622564.0
JOB,0.2251,-1.6171,173852.0,,,82912814.0
JSPR,0.6341,9.1582,303548.0,,,
JTAI,1.3303,3.124,104586.0,,,3355098.0
JYD,0.899,20.1229,109120.0,,,3076582.0
JZ,0.7215,3.8129,73390.0,,,1403950.0
JZXN,1.13,-12.4031,802656.0,,,
KALA,0.5646,8.2439,123009.0,,,
KITT,0.6233,-1.0164,205873.0,,,
KLC,2.36,0.8547,499214.0,,,34273941.0
KLTR,1.42,0.3534,151660.0,,,90732891.0
KLXE,1.49,0.0,452958.0,,,
KNDI,0.5482,-6.1065,83796.0,,,67911029.0
KNRX,0.32,1.5873,15510.0,,,
KPTI,1.76,3.5294,1088880.0,,,15774275.0
KSCP,1.18,1.7241,604145.0,,,21601113.0
KUST,0.63,7.6739,484963.0,,,
KXIN,1.94,71.6814,74578743.0,,,1418651.0
LASE,0.9187,14.8375,5029609.0,,,42385618.0
LDI,0.7065,0.3266,5532892.0,,,111213789.0
LESL,0.453,-15.1844,2358033.0,,,9127498.0
LEXX,3.6432,17.7124,161123.0,,,1602575.0
LFT,6.57,0.7669,5966.0,,,27041379.0
LGO,0.68,3.0303,209825.0,,,
LGPS,0.8499,2.0288,166169.0,,,
LGVN,2.86,-57.1856,1432319.0,,,2569305.0
LHAI,1.2923,0.9609,569369.0,,,10130080.0
LHSW,0.4811,-2.9257,568141.0,,,190320.0
LICN,1.0,-1.9608,21665.0,,,
LIDR,1.2046,2.0847,609716.0,,,41097062.0
LIMN,3.39,1.8018,8643.0,,,
LITS,1.06,3.9216,904978.0,,,31820367.0
LNAI,2.275,4.8387,28489.0,,,
LNKS,1.02,5.1655,26244.0,,,45448.0
LOOP,0.5441,12.3245,532961.0,,,26662906.0
LOT,0.9284,-5.7271,72820.0,,,9392634.0
LSTA,1.71,16.3265,3030441.0,,,6646737.0
LUCY,0.9,4.5904,121314.0,,,
LUNG,1.98,1.5385,264022.0,,,
LVWR,1.38,15.9664,1373038.0,,,13503815.0
LX,0.8154,1.925,1765786.0,,,111350398.0
LXEH,1.7395,8.6169,13014.0,,,
LZMH,1.2292,3.73,16776.0,,,
MASK,0.95,2.3597,51199.0,,,756661.0
MATH,0.9555,-6.3235,44066.0,,,27095245.0
MBRX,0.7878,6.4595,304420.0,,,17032384.0
MCRP,0.8506,6.9937,197963.0,,,11886494.0
MDCX,0.1703,9.0269,19335376.0,,,59815611.0
MDXH,0.6717,-1.3222,258252.0,,,42511845.0
MERC,0.3844,3.3333,446786.0,,,
MGIH,1.56,-1.2658,9038.0,,,1249988.0
MGRX,0.43,-4.9514,293946.0,,,16871547.0
MGX,1.1573,0.6348,100739.0,,,
MI,2.15,-3.1532,11710.0,,,180017.0
MIMI,0.8724,-0.1945,322052.0,,,6515449.0
MIRA,0.78,8.3936,129961.0,,,35027931.0
MITQ,0.5986,-1.5137,239494.0,,,6318543.0
MLSS,0.4243,6.075,87278.0,,,66607135.0
MMA,0.45,11.3861,981424.0,,,8555294.0
MNDR,1.44,2.1277,23596.0,,,269597.0
MNTK,2.2,-2.2222,237275.0,,,65767300.0
MOBX,0.9499,1.0424,1925866.0,,,14589908.0
MOGU,1.8316,-2.5745,3430.0,,,
MPU,3.14,-2.9576,39658.0,,,58993924.0
MQ,15.83,-0.3776,502592.0,,,
MREO,0.29,9.0226,1666626.0,,,130823636.0
MRM,0.77,-1.9733,36451.0,,,7901951.0
MSN,0.483,2.766,119209.0,,,5799355.0
MSS,1.53,0.6579,110388.0,,,325423.0
MTEN,1.03,-2.8302,259533.0,,,4024135.0
MTNB,0.16,-3.089,673411.0,,,
MVIS,1.69,3.681,3577561.0,,,23407572.0
MWC,1.89,-2.5773,164852.0,,,
MWYN,0.9379,-3.1544,37715.0,,,14201592.0
MXCT,1.195,1.2712,257586.0,,,
MYND,0.329,5.9923,57227.0,,,47144605.0
MYSZ,1.86,-5.5838,170774.0,,,638653.0
NA,2.29,-2.5532,54019.0,,,8418641.0
NAII,1.93,-1.5306,23237.0,,,4934401.0
NAKA,8.5,3.6585,222005.0,,,
NCMI,2.22,-5.1282,884009.0,,,65657406.0
NCNA,1.33,2.3077,47188.0,,,4309196.0
NCPL,0.545,28.5984,43580958.0,,,4387760.0
NCRA,1.98,-0.5025,72046.0,,,1630509.0
NEXR,1.7,19.7183,2730795.0,,,50536.0
NIPG,12.85,-5.1661,28670.0,,,1467001.0
NIVF,0.7246,-7.6825,49372.0,,,28072.0
NIXX,0.38,-8.0571,397955.0,,,17123835.0
NMTC,1.36,-3.5461,370325.0,,,6271776.0
NNVC,1.4599,21.6583,1416942.0,,,22189909.0
NPWR,1.91,9.1429,333803.0,,,
NRDY,8.7,1.1628,11577.0,,,4383494.0
NTCL,2.1,7.1429,10186.0,,,
NUR,1.06,-1.8519,193674.0,,,10724783.0
NUWE,1.07,31.2883,58722879.0,,,
NWGL,1.64,5.8065,389930.0,,,9530154.0
NXB,2.14,0.9434,51449.0,,,9165591.0
NXGL,0.2544,2.498,266801.0,,,7693635.0
NXL,5.0992,3.6423,8709.0,,,517047.0
NXXT,1.1603,1.7807,269822.0,,,78034700.0
NYXH,1.49,-3.871,74390.0,,,50881022.0
OBAI,0.2782,7.0,599435.0,,,23343741.0
OCG,1.57,3.2895,40852.0,,,
OCGN,1.0208,2.2436,3905101.0,,,333389609.0
OFAL,0.58,4.7877,240634.0,,,
OGI,1.08,1.8868,238024.0,,,94218002.0
OKLL,11.2,22.807,4774754.0,,,
OLB,0.1976,-2.3233,889558.0,,,17187014.0
OLOX,0.811,12.4047,1915967.0,,,1627416.0
OMEX,0.745,6.1254,216175.0,,,44239640.0
ONCO,0.6635,0.0151,102327.0,,,
ONCY,0.7688,0.0,594216.0,,,
ONDU,3.53,4.7478,62354.0,,,
ONFO,0.869,7.483,138123.0,,,2422495.0
ONMD,0.6108,-0.7475,69741.0,,,18819891.0
OPK,1.62,0.6211,1709348.0,,,323727331.0
OPTT,1.92,5.4945,356653.0,,,263949277.0
ORIO,1.02,0.0,191065.0,,,18569492.0
OXBR,1.445,1.7606,3589.0,,,7082759.0
OXSQ,1.27,-0.7813,1818696.0,,,
PAPL,0.9279,3.6992,13831.0,,,7165395.0
PASW,0.1266,-5.5224,1352423.0,,,
PCSA,1.9,2.7027,21763.0,,,2523936.0
PDSB,0.845,-14.6982,35670395.0,,,54559741.0
PERF,1.94,0.5181,302605.0,,,
PETS,1.6968,6.05,219794.0,,,
PETZ,1.39,-1.4184,2434.0,,,3867096.0
PFSA,1.8,1.1236,138515.0,,,518167.0
PHIO,1.02,2.0919,79376.0,,,
PLAG,0.66,-3.4947,370688.0,,,11638517.0
PLCE,1.99,-1.4851,233170.0,,,8042150.0
PLRX,1.13,5.6075,308084.0,,,
PMA,1.22,-3.1746,6205.0,,,
PMCB,0.4103,-1.4176,457529.0,,,10068965.0
PMEC,0.51,-10.5263,1421229.0,,,5529117.0
PMVP,1.45,1.3986,430795.0,,,48411083.0
POAS,0.165,-0.6325,80580.0,,,
POLA,1.28,2.4,65620.0,,,3039126.0
POM,0.829,3.5344,9964.0,,,3457821.0
PPBT,1.5,-1.9608,74656.0,,,1080022.0
PPCB,0.6499,2.3465,434515.0,,,1272060.0
PRFX,1.01,0.0,275485.0,,,844372.0
PRHI,7.84,3.1579,15237.0,,,
PROP,0.41,3.7187,697430.0,,,77131279.0
PRPL,2.375,-6.1265,23039.0,,,2256478.0
PRTS,8.61,-0.2317,37181.0,,,
PRZO,0.6959,4.1922,362002.0,,,28257563.0
PSQH,5.23,10.1053,28683.0,,,
PW,6.85,-3.6568,6762.0,,,
PWCM,0.9217,4.2175,182143.0,,,1777970.0
QCLS,0.768,-20.332,8650240.0,,,8113263.0
QNME,0.2904,1.574,82296.0,,,25776946.0
QTRX,3.1,6.5292,955710.0,,,38009909.0
RAIN,0.68,1.5683,89921.0,,,3349465.0
RANI,0.8619,14.0079,663470.0,,,83498416.0
RAYA,2.15,-3.5874,64089.0,,,932507.0
RCAX,10.3716,-0.228,193688.0,,,
RCON,1.22,-0.813,212043.0,,,317842.0
RCT,0.2012,3.2324,301348.0,,,9476554.0
RDGT,0.9201,-8.901,85276.0,,,3614695.0
RDHL,0.5765,4.8182,222799.0,,,4203410.0
REAX,17.85,-6.1514,1447397.0,,,21636136.0
REBN,0.8003,-2.8762,27330.0,,,5677386.0
REED,0.88,10.3033,209662.0,,,3693838.0
RENX,1.58,-2.4691,99172.0,,,
REVB,0.95,3.2609,29557.0,,,
RGNT,1.75,-2.7778,20604.0,,,2420064.0
RGTZ,15.46,-15.9783,706403.0,,,
RIME,0.2186,12.1026,1713128.0,,,16799676.0
RKTO,0.79,-12.4169,372426.0,,,
RMCF,0.86,1.1765,30545.0,,,5851034.0
RMTI,7.91,1.4103,5610.0,,,
RNXT,1.71,10.3226,634926.0,,,39201296.0
RPGL,1.48,5.7143,32013.0,,,
RPID,1.09,-1.8018,690378.0,,,28850272.0
RUBI,1.38,-6.1224,2866368.0,,,604982.0
RYDE,0.6993,2.2518,61289.0,,,65806432.0
RYET,0.8499,9.7424,64069.0,,,15961434.0
RZLV,2.27,2.2523,6301022.0,,,242876155.0
SAFX,0.4507,4.3287,4157258.0,,,125110178.0
SAGT,0.587,-1.9215,203391.0,,,5750769.0
SBFM,0.8243,-19.9709,336689.0,,,
SCAG,0.253,-3.0651,365977.0,,,20496256.0
SCKT,0.512,2.4,87060.0,,,5738755.0
SCNI,1.58,3.9474,405411.0,,,488725.0
SCNX,0.3173,-4.139,338688.0,,,
SCYX,4.45,8.2725,70981.0,,,
SDA,0.4928,0.5714,111244.0,,,34736227.0
SDEV,0.8281,-0.945,276212.0,,,
SDST,0.2538,59.0226,674377685.0,,,
SEED,0.9553,0.0314,29192.0,,,6871048.0
SEER,1.92,1.0526,212271.0,,,
SEGG,3.29,-1.497,41047.0,,,2980767.0
SEV,2.09,1.4563,248037.0,,,24000000.0
SFHG,2.35,7.3059,12633.0,,,1219299.0
SFWL,9.0,0.0,1385.0,,,13535367.0
SGLY,1.17,-4.878,130491.0,,,520964.0
SGRX,1.621,-5.2047,154568.0,,,295571.0
SHFS,0.17,9.3248,864529.0,,,11117049.0
SID,1.18,-2.4793,8862280.0,,,624762641.0
SIEB,2.325,1.087,10262.0,,,21501544.0
SILO,1.72,-2.2727,50973.0,,,
SKIN,0.6801,0.7556,260866.0,,,
SKYA,1.3623,3.9924,389744.0,,,33428784.0
SLBT,1.8516,2.2983,44366.0,,,560759757.0
SLGB,0.3374,1.7798,1080380.0,,,3000110.0
SLMT,3.0401,-0.6503,78704.0,,,
SLQT,0.4683,-5.5847,900063.0,,,142247315.0
SLSN,0.8229,-6.4993,16485.0,,,
SLXN,0.3949,16.1471,8335135.0,,,5555085.0
SMCZ,4.87,-19.3709,9180098.0,,,
SMJF,1.06,6.0,312175.0,,,2700129.0
SMSI,2.96,3.4965,10137.0,,,
SMXT,2.24,15.4639,79664.0,,,3490505.0
SNAL,2.63,4.7809,71715.0,,,3129160.0
SNES,0.83,1.0962,27455.0,,,4118150.0
SNOA,1.26,2.439,7707.0,,,4768409.0
SNSC,1.3,22.6415,152394.0,,,13909000.0
SNTG,1.7754,2.0345,6928.0,,,1059319.0
SNTI,0.3399,9.1873,310690.0,,,
SNYR,0.1034,-62.3178,66808957.0,,,8170053.0
SOAR,0.1795,-5.5263,7191643.0,,,38416423.0
SOS,0.7662,4.9445,50721.0,,,12978813.0
SPRO,1.1354,2.2883,176833.0,,,
SPWH,1.19,8.1818,554761.0,,,33524665.0
SPWR,0.3548,11.9596,4912739.0,,,165490364.0
SQFT,1.3,0.7752,2634.0,,,977972.0
SRFM,0.645,29.7787,45676028.0,,,
SRXH,1.62,1.25,358395.0,,,549208452.0
STAK,1.06,-7.8261,349233.0,,,6883781.0
STEX,0.6368,4.944,1084989.0,,,
STKE,1.1,-1.7857,91265.0,,,
STKH,1.91,-2.551,24885.0,,,1113629.0
STXS,1.29,-2.2727,598312.0,,,65540241.0
SUGP,0.4949,-0.0606,1277041.0,,,435803.0
SUIG,0.995,7.4862,347887.0,,,64574319.0
SURG,0.1477,2.6407,130087026.0,,,
SVC,6.58,-0.6042,1566158.0,,,
SWRD,1.98,9.3923,455648.0,,,88471834.0
SXTP,0.9748,5.4978,179908.0,,,
SY,2.78,-1.0676,327680.0,,,52988844.0
TAOP,0.663,-5.4073,16867.0,,,4159915.0
TC,1.93,-3.0151,20003.0,,,26409801.0
TCRX,0.342,3.3233,1096263.0,,,57818416.0
TDIC,1.97,0.5102,27502.0,,,862194.0
TDTH,1.8299,6.3895,104670.0,,,
TEAD,0.5336,15.8237,246582.0,,,
TELA,1.29,9.322,401690.0,,,21620417.0
TENX,1.8318,0.6484,3553273.0,,,31749099.0
TGE,0.8699,1.2689,7146.0,,,
TGHL,0.8126,-1.0593,36327.0,,,12722768.0
THH,1.5309,4.849,5195.0,,,2265469.0
THM,2.39,1.7021,1004827.0,,,100288260.0
TKLF,1.7961,8.2379,18820.0,,,
TLPH,1.17,-1.6807,110982.0,,,25230888.0
TLSA,0.9316,20.9713,1742662.0,,,61886576.0
TMDE,0.7072,-0.4364,77717.0,,,
TOMZ,1.58,-1.25,6277.0,,,5290069.0
TOON,0.563,0.2671,227508.0,,,
TOPP,0.1498,-6.3164,32980184.0,,,11500073.0
TPET,1.84,0.0,331111.0,,,
TPST,0.8702,-28.0826,7773699.0,,,10900355.0
TRON,1.45,1.3986,512471.0,,,46930618.0
TRUG,0.3872,-11.7191,6140399.0,,,
TTEC,1.21,0.0,430553.0,,,
TURB,1.53,71.2367,84395692.0,,,3383143.0
TV,2.34,6.8493,1961369.0,,,244312381.0
TWG,0.347,1.6403,229668.0,,,16098871.0
TXMD,2.18,0.0,7176.0,,,
TYGO,1.01,-1.9417,1437929.0,,,36594957.0
UAVS,1.01,7.9521,1248959.0,,,55363941.0
UCL,0.3622,2.1145,939198.0,,,15108155.0
UFG,0.55,-1.0791,192884.0,,,
UPLD,3.805,-3.5488,46105.0,,,
USIO,2.27,1.7937,333950.0,,,20016889.0
UWMC,1.2506,1.6748,10512653.0,,,321374023.0
UXIN,1.11,2.7778,31851.0,,,85117047.0
UXRP,13.41,-0.2232,226756.0,,,
VANI,1.21,-0.8197,219843.0,,,
VCIG,1.77,7.2727,68054.0,,,452281.0
VGAS,1.38,2.9851,7656.0,,,960142.0
VHUB,0.797,9.0287,338876.0,,,23858105.0
VIOT,1.27,0.7937,285659.0,,,31641213.0
VIVK,0.6356,4.5395,799264.0,,,8130678.0
VIVS,0.2571,-1.9077,571240.0,,,
VNRX,0.2865,4.2197,28113404.0,,,
VNTG,0.59,0.0,64437.0,,,10616676.0
VRXA,1.47,-2.649,47884.0,,,3835425.0
VSME,0.92,-4.752,64534.0,,,2712257.0
VTAK,0.1545,-1.5924,14390104.0,,,
VTGN,0.23,-0.2602,362483.0,,,41422740.0
VTIX,1.11,11.4794,219313.0,,,17885236.0
VVOS,0.1718,6.6418,1798964.0,,,19095826.0
VWAV,0.3733,-0.9552,2527586.0,,,22031014.0
WAFU,1.39,-6.0811,305245.0,,,1274519.0
WALD,1.15,0.8772,360335.0,,,46044978.0
WBUY,0.8924,-1.0314,44352.0,,,
WDH,1.02,-0.9709,616990.0,,,141074846.0
WETO,1.87,1.6304,20517403.0,,,279267.0
WFF,2.12,8.1633,627029.0,,,1597354.0
WHLR,0.3297,-13.894,1311452.0,,,482844.0
WKSP,0.4308,0.6072,413429.0,,,12431272.0
WLDS,1.5394,0.6144,102582.0,,,2101439.0
WOK,1.9,4.3956,54344.0,,,15400.0
WOOF,2.41,2.5532,1844369.0,,,91022360.0
WPRT,1.93,-3.0151,70755.0,,,
WRAP,1.57,1.9481,633250.0,,,
WWR,0.5462,5.7707,796533.0,,,122835984.0
XAIR,3.08,0.0,16611.0,,,
XCH,3.0903,-0.8375,2293.0,,,
XCUR,1.2314,-7.4135,10328.0,,,
XPL,0.617,3.3328,59700.0,,,71660042.0
XRTX,2.06,15.7303,886057.0,,,1791278.0
XTNT,0.3278,2.4375,192749.0,,,54177807.0
XWEL,0.905,0.0,26868.0,,,
XXII,1.77,2.907,13758.0,,,500653.0
YCBD,0.5318,14.1202,756103.0,,,10906991.0
YDDL,1.47,-2.0,51567.0,,,9945588.0
YFOR,1.77,2.907,1501621.0,,,2141626.0
YHC,1.29,4.878,22053.0,,,1277897.0
YMAT,1.4,1.4493,100283.0,,,664113.0
YRD,1.01,3.0612,18381.0,,,
YSXT,1.39,12.0968,39257.0,,,
YYAI,0.6903,0.4329,169312.0,,,
ZBAO,0.1121,0.448,4465227.0,,,
ZCMD,0.769,-0.6845,198734.0,,,14556.0
ZENA,1.51,4.1379,2550934.0,,,41440901.0
ZEO,0.2523,1.57,183241.0,,,14089938.0
ZJK,2.16,0.9346,12644.0,,,9791133.0
ZJYL,1.98,0.5076,9284.0,,,64844057.0
ZNB,1.36,3.0303,42850.0,,,188313.0
ZONE,0.1499,7.8417,5040725.0,,,215846634.0
ZOOZ,6.99,3.2496,15546.0,,,
ZTG,1.21,2.5424,4359125.0,,,4083260.0
ZVIA,1.36,2.2556,351914.0,,,
ZYBT,1.44,5.1095,34428.0,,,6261823.0
